mode	k	g	half	games_per_agent	opp_per_agent	min_opp	n	rho	worst	rms	max	mean_shift	med_pm	over2pm	rms_openless	rms_opener8	rms_dil20	core_rho	core_worst	champs_same	ab_rho	ab_rms	within	within_opener8	ab_within	ab_within_opener8
random	8	2	A	16	8	8	198	0.8886	78	127.6	490	13.91	105	0.05556	130	133.6	118.7	0.9529	8	0	0.7907	173.2	124.7	132.8	171.6	172.6
random	8	2	B	16	8	8	198	0.9047	72	114.8	324	17.3	107	0.04545	122	106	115.9	0.9322	9	1	0.7907	173.2	112.9	104.2	171.6	172.6
random	8	4	A	30.75	8	8	198	0.9264	76	103.9	524	9.909	76	0.06566	115.8	99.61	95.07	0.9749	5	0	0.866	144.7	102.6	99.58	142.6	135.4
random	8	4	B	30.71	8	8	198	0.9385	81	98.9	446	7.076	78	0.04545	101.9	84.57	108.7	0.9779	5	2	0.866	144.7	96.12	80.68	142.6	135.4
random	8	8	A	60.24	8	8	198	0.949	61	89.69	620	3.48	55	0.08586	117.9	71.02	72	0.9826	4	0	0.9034	124.7	88.15	70.81	123.4	100.7
random	8	8	B	60.12	8	8	198	0.9551	63	85.26	364	7.596	56	0.1111	98.34	68.29	86.45	0.9769	5	1	0.9034	124.7	82.61	66.03	123.4	100.7
random	8	16	A	113.2	8	8	198	0.9592	71	93.48	728	0.05051	40	0.1717	133.6	58.87	69.95	0.9763	6	0	0.9154	116.6	91.84	57.12	115	89.21
random	8	16	B	113	8	8	198	0.9597	82	73.15	289	4.914	40	0.1717	94.81	63.42	55.13	0.9809	4	0	0.9154	116.6	71.72	62.36	115	89.21
random	16	2	A	32	16	16	198	0.9528	56	77.99	301	-2.985	75	0.02525	74.13	75.5	83.97	0.9873	4	2	0.8966	108.1	76.26	74.45	106.5	109.7
random	16	2	B	32	16	16	198	0.9406	56	77.83	227	9.081	75	0.0404	71.67	71.78	88.78	0.9786	4	3	0.8966	108.1	76.33	71.59	106.5	109.7
random	16	4	A	61.59	16	16	198	0.9671	55	62.31	275	-2.167	55	0.05051	63.82	62.66	60.42	0.9863	4	1	0.9251	89.21	61.01	62.03	87.2	96.61
random	16	4	B	61.41	16	16	198	0.962	55	61.81	182	11.79	55	0.05051	61.69	62.97	60.75	0.9863	5	2	0.9251	89.21	59.98	62.47	87.2	96.61
random	16	8	A	120.8	16	16	198	0.9722	59	53.17	166	-0.2222	40	0.08081	55.98	49.96	53.38	0.984	5	2	0.9457	73.95	51.59	49.47	72.18	71.51
random	16	8	B	120.2	16	16	198	0.9763	38	49.64	166	10.52	39	0.09596	57.11	47.05	43.78	0.988	5	1	0.9457	73.95	47.48	46.35	72.18	71.51
random	16	16	A	226.9	16	16	198	0.9806	57	46.44	172	-1.338	29	0.1414	56.48	38.59	42.33	0.9856	5	1	0.9646	62.84	45.15	37.88	61.94	58.98
random	16	16	B	226.1	16	16	198	0.9833	33	44.13	196	6.318	29	0.1313	53.8	39.3	37.47	0.9896	4	3	0.9646	62.84	41.73	39.09	61.94	58.98
random	32	2	A	64	32	32	198	0.9681	59	60.4	176	7.561	53	0.0404	64.84	60.56	55.43	0.9779	7	3	0.9463	78.18	57.89	59.07	76.4	78.75
random	32	2	B	64	32	32	198	0.966	63	56.16	218	12.72	53	0.04545	63.9	45.05	57.87	0.9923	3	3	0.9463	78.18	54.18	43.87	76.4	78.75
random	32	4	A	123.3	32	32	198	0.9787	46	48.29	177	6.763	39	0.09091	57.13	47.94	37.84	0.986	5	2	0.9659	62.72	46.61	47.57	61.84	63.26
random	32	4	B	122.9	32	32	198	0.9786	61	48.35	236	8.838	39	0.06061	61.05	39.9	41.15	0.988	4	3	0.9659	62.72	47.03	38.44	61.84	63.26
random	32	8	A	241.8	32	32	198	0.9842	39	43.75	200	5.207	27	0.1414	56.58	40.23	30.38	0.983	5	2	0.9752	52.84	41.77	40.01	52.45	55.6
random	32	8	B	240.6	32	32	198	0.984	54	42.62	217	5.742	28	0.101	55.61	39.34	28.45	0.989	3	2	0.9752	52.84	41.6	39.05	52.45	55.6
random	32	16	A	454.2	32	32	198	0.9886	37	39.81	213	4.864	20	0.2071	55.21	29.84	28.54	0.99	3	1	0.9819	45.17	36.71	29.37	44.23	42.31
random	32	16	B	451.3	32	32	198	0.9865	55	38.98	207	3.333	20	0.1768	53.93	32.96	23.73	0.9893	4	1	0.9819	45.17	38.31	32.54	44.23	42.31
random	64	2	A	128	64	64	198	0.981	45	43.42	151	2.359	37	0.07576	51.65	39.3	38	0.9833	4	2	0.9703	56.63	42.67	38.65	55.48	59.02
random	64	2	B	128	64	64	198	0.9812	53	42.52	122	8.545	37	0.05556	45.5	42.03	39.82	0.9826	5	2	0.9703	56.63	41.34	40.51	55.48	59.02
random	64	4	A	246	64	64	198	0.9861	52	37.92	137	2.126	28	0.1061	47	30.94	33.86	0.9886	4	2	0.9821	45.5	37.5	30.82	44.42	43.14
random	64	4	B	246.4	64	64	198	0.9867	48	34.26	116	7.071	27	0.09091	41.4	30.03	30.08	0.9833	5	2	0.9821	45.5	32.94	27.37	44.42	43.14
random	64	8	A	482	64	64	198	0.9897	42	32.57	120	0.5808	20	0.1414	40.64	26.69	28.63	0.9893	4	1	0.9877	36.14	31.84	26.34	35	33.64
random	64	8	B	483.1	64	64	198	0.9915	36	29.58	111	4.429	19	0.1313	38.93	23.39	23.7	0.9876	4	5	0.9877	36.14	28.6	21.56	35	33.64
random	64	16	A	905.6	64	64	198	0.9929	38	26.89	108	-0.9848	14	0.1869	34.26	22.69	21.93	0.991	4	2	0.9905	32.05	26.15	22.35	30.94	29.06
random	64	16	B	909.5	64	64	198	0.9928	35	27.77	111	2.601	14	0.197	38.61	19.72	20.83	0.9893	5	4	0.9905	32.05	26.68	19.28	30.94	29.06
random	112	2	A	224	112	112	198	0.9859	48	36.05	101	8.384	28	0.1061	40.27	29.9	37.19	0.986	6	3	0.9846	38.3	34.32	29.66	37.9	34.99
random	112	2	B	224	112	112	198	0.989	48	32.58	114	8.02	28	0.07576	41.4	22.26	31.23	0.9833	4	0	0.9846	38.3	30.92	22.13	37.9	34.99
random	112	4	A	430.4	112	112	198	0.9917	34	29.98	103	6.283	21	0.1162	35.95	24.35	28.47	0.9906	5	3	0.9907	30.23	28.79	23.9	30.02	30.15
random	112	4	B	430.9	112	112	198	0.9917	42	25.74	97	5.247	20	0.09091	32.79	20.1	22.56	0.987	4	1	0.9907	30.23	24.92	20.08	30.02	30.15
random	112	8	A	843.1	112	112	198	0.9942	23	24.86	109	4.374	15	0.1768	30.5	18.94	23.78	0.9923	4	2	0.9922	26.61	23.73	18.8	26.42	25.72
random	112	8	B	844.8	112	112	198	0.9942	28	22.28	75	3.495	15	0.1364	28.25	17.96	19.18	0.9876	4	3	0.9922	26.61	21.44	17.95	26.42	25.72
random	112	16	A	1584	112	112	198	0.9952	23	22.85	116	2.172	11	0.2172	29.99	15.76	20.46	0.9933	3	3	0.9937	25.14	21.4	15.42	24.93	23.2
random	112	16	B	1588	112	112	198	0.9955	31	20.05	78	1.404	11	0.1818	27.3	15.25	15.12	0.9903	3	2	0.9937	25.14	19.25	15.02	24.93	23.2
random	0	2	A	510.1	255.1	252	198	0.9918	47	27.83	111	7.732	19	0.1515	35.29	18.42	27.18	0.9893	4	2			26.07	18.24		
random	0	4	A	978.2	255.1	252	198	0.9942	37	22.86	97	4.919	14	0.1465	30.14	15.34	20.6	0.989	5	4			22	15.05		
random	0	8	A	1914	255.1	252	198	0.9955	29	19.64	78	2.53	10	0.1919	26.08	12.68	17.78	0.9913	4	5			18.81	12.54		
random	0	16	A	3596	255.1	252	198	0.9969	29	17.85	78	0.6414	7	0.2778	24.36	9.882	16.29	0.9923	3	5			16.67	9.107		
panel	8	2	A	16	8	8	198	0.8925	90	140	442	18.27	110	0.06061	162.2	106.7	145.4	0.9238	11	1	0.7866	185.2	133.3	98.57	180.9	155.9
panel	8	2	B	16	8	8	198	0.8786	92	123.9	422	-3.576	108	0.0404	115.7	121.4	133.9	0.9388	12	0	0.7866	185.2	121	119.4	180.9	155.9
panel	8	4	A	30.67	8	8	198	0.9303	80	114.8	431	25.52	79	0.09596	143.8	83.62	109	0.9368	8	1	0.867	148.8	104.8	68.53	141.2	126.5
panel	8	4	B	31.33	8	8	198	0.9296	71	96.59	415	-7.328	79	0.08586	94.34	99.46	95.89	0.9375	12	2	0.867	148.8	92.76	97.79	141.2	126.5
panel	8	8	A	60	8	8	198	0.9568	56	92.51	467	35.53	56	0.1162	124.8	75.24	66.69	0.9579	8	4	0.9262	110.6	79.09	50.22	100.7	79.88
panel	8	8	B	62	8	8	198	0.9641	42	69.93	271	-7.328	56	0.07071	77.32	59.07	72.14	0.9662	7	2	0.9262	110.6	65.53	58.29	100.7	79.88
panel	8	16	A	118.7	8	8	198	0.9676	53	78.83	309	38.72	40	0.2323	106.9	69.02	49.56	0.9596	6	1	0.9442	97.69	62.59	40.51	84.18	70.32
panel	8	16	B	123.3	8	8	198	0.9719	45	60.76	219	-8.101	40	0.1717	71.12	48.57	60.48	0.9682	8	1	0.9442	97.69	56.61	47.77	84.18	70.32
panel	16	2	A	32	16	16	198	0.9512	66	75.69	317	8.162	74	0.03535	80.68	68.04	77.77	0.9863	5	1	0.9028	118.1	74.6	66.08	112.6	103.3
panel	16	2	B	32	16	16	198	0.946	89	99.75	424	25.29	74	0.08586	116.6	84.95	95.02	0.9616	7	2	0.9028	118.1	91.69	81.32	112.6	103.3
panel	16	4	A	61	16	16	198	0.9636	54	62.73	171	2.187	56	0.06061	62.4	62.72	63.05	0.9813	6	1	0.939	93.27	61.65	61.87	84.99	69.84
panel	16	4	B	60	16	16	198	0.9613	86	87.26	340	21.83	54	0.1313	109.2	67.06	80.18	0.9582	6	2	0.939	93.27	77.94	61.09	84.99	69.84
panel	16	8	A	119	16	16	198	0.9752	53	52.62	150	-4.354	40	0.07576	58.4	44.85	53.72	0.988	5	2	0.9505	84.27	51.82	43.65	74.6	52.41
panel	16	8	B	116	16	16	198	0.9682	82	79.74	356	20.02	38	0.1768	104	54.93	72.46	0.9729	6	3	0.9505	84.27	70.27	44.39	74.6	52.41
panel	16	16	A	235	16	16	198	0.985	42	42.55	130	-1.47	29	0.1212	55.88	31.11	36.61	0.9866	5	2	0.964	78.41	40.81	29.74	69.43	36.49
panel	16	16	B	228	16	16	198	0.9753	75	75.64	362	20.62	27	0.2374	98.38	47.21	72.49	0.9779	6	1	0.964	78.41	64.86	32.37	69.43	36.49
panel	32	2	A	64	32	32	198	0.9749	38	55.87	163	2.576	51	0.05556	61.7	51.68	53.72	0.9836	6	1	0.9538	76.76	53.26	48.15	74.68	66.25
panel	32	2	B	64	32	32	198	0.9653	74	64.97	279	11.68	52	0.06061	72.37	53.8	67.3	0.987	4	1	0.9538	76.76	63.07	53.17	74.68	66.25
panel	32	4	A	123.7	32	32	198	0.9861	28	43.09	121	-2.328	37	0.08081	51.49	41.14	35.01	0.9893	4	1	0.9654	66.76	40.39	35.08	62	53.33
panel	32	4	B	122	32	32	198	0.9735	74	55.52	251	10.88	38	0.07576	62.07	45.19	57.88	0.9926	3	2	0.9654	66.76	52.32	41.52	62	53.33
panel	32	8	A	243	32	32	198	0.9908	22	36.06	109	-5.813	27	0.101	43.57	35.08	27.78	0.991	4	3	0.9743	56.81	32.3	26.04	50.92	34.43
panel	32	8	B	238	32	32	198	0.9774	72	51.73	272	9.328	27	0.1566	62.94	36.27	52.47	0.9896	4	3	0.9743	56.81	48.01	30.82	50.92	34.43
panel	32	16	A	481.7	32	32	198	0.9939	19	31.31	92	-6.561	19	0.202	36.69	32.3	23.5	0.9883	5	1	0.9801	53.82	26.53	20.04	46.71	25.32
panel	32	16	B	470	32	32	198	0.9815	66	50.5	266	10.13	19	0.1919	65.41	28.47	50.6	0.9903	3	4	0.9801	53.82	46.15	22.28	46.71	25.32
panel	64	2	A	128	64	64	198	0.9807	52	46.84	135	3.561	38	0.1212	56.24	44.06	38.44	0.9826	6	1	0.9711	58.21	43.94	40.66	54.55	51.22
panel	64	2	B	128	64	64	198	0.9844	37	39.19	136	9.682	37	0.03535	33.83	33.03	48.69	0.9886	4	1	0.9711	58.21	36.77	31.2	54.55	51.22
panel	64	4	A	246.3	64	64	198	0.9881	38	37.59	102	0.2121	28	0.1263	45.31	34.14	31.93	0.9853	6	3	0.9793	49.26	34.24	28.5	44.28	36.72
panel	64	4	B	245.3	64	64	198	0.9892	32	31.2	104	8.788	27	0.06566	30.11	26.2	36.42	0.9936	3	0	0.9793	49.26	29.12	23.06	44.28	36.72
panel	64	8	A	483	64	64	198	0.9914	22	34.5	129	-0.9697	20	0.1869	43.55	31.15	26.54	0.9843	5	5	0.9852	42.86	30.81	24.77	37.99	31.26
panel	64	8	B	480	64	64	198	0.9936	22	23.54	68	4.641	19	0.07576	21.93	20.42	27.64	0.998	2	2	0.9852	42.86	22.59	18.47	37.99	31.26
panel	64	16	A	956.3	64	64	198	0.9936	21	28.88	96	-2.475	14	0.2778	37.48	26.44	19.96	0.9883	4	3	0.9891	36.35	25.36	19.65	31.86	24.44
panel	64	16	B	949.3	64	64	198	0.9962	20	16.86	54	2.015	14	0.05556	18.07	14.42	17.85	0.9967	2	2	0.9891	36.35	16.29	12.78	31.86	24.44
panel	112	2	A	224	112	112	198	0.9885	46	34.66	125	1.879	28	0.07576	37.41	33.58	32.83	0.9933	3	3	0.9841	45.44	31.48	28.32	42.52	43.09
panel	112	2	B	224	112	112	198	0.985	51	41.41	125	12.3	28	0.1465	51.78	31.44	38.39	0.9793	7	3	0.9841	45.44	39.18	30.41	42.52	43.09
panel	112	4	A	430.3	112	112	198	0.9919	36	28.66	87	0.3737	20	0.1212	32.79	27.09	25.59	0.9936	3	2	0.988	37.06	25.65	20.96	33.82	32.55
panel	112	4	B	430.7	112	112	198	0.9886	44	33.57	108	7.793	21	0.1616	42.3	25.92	30.33	0.9813	6	2	0.988	37.06	32.27	24.45	33.82	32.55
panel	112	8	A	843	112	112	198	0.994	29	25.87	104	-1.222	15	0.2323	29.29	25.19	22.71	0.9913	3	4	0.9921	32.25	22.23	17.33	28.54	25.85
panel	112	8	B	844	112	112	198	0.9918	32	29.38	106	4.288	15	0.2323	37.94	21.09	26.54	0.9876	5	2	0.9921	32.25	28.09	20.07	28.54	25.85
panel	112	16	A	1668	112	112	198	0.9955	28	23	94	-2.374	10	0.3081	26.67	22.91	18.72	0.9947	3	3	0.9937	27.84	18.33	11.78	23.3	20.07
panel	112	16	B	1671	112	112	198	0.9942	32	25.03	96	2.076	11	0.2677	33.66	16.82	21.54	0.9883	4	2	0.9937	27.84	23.99	15.94	23.3	20.07
panel	0	2	A	456	228	228	198	0.9907	50	30.2	113	7.682	20	0.1515	38.81	19.66	29.04	0.9893	4	2			27.98	19.18		
panel	0	4	A	876.3	228	228	198	0.9935	38	24.55	95	4.48	15	0.1717	32.51	15.99	22.24	0.9903	4	4			23.22	15.35		
panel	0	8	A	1717	228	228	198	0.9951	31	21.75	86	1.96	10	0.2424	28.68	14.08	19.97	0.9913	4	5			20.27	13.09		
panel	0	16	A	3398	228	228	198	0.9966	29	18.91	82	0.3535	7	0.2727	25.57	11.09	17.2	0.9923	3	5			17.24	9.266		
panelstrat	8	2	A	16	8	8	198	0.883	82	130.7	572	-9.54	107	0.05556	138	120.4	133.1	0.9198	9	2	0.8003	171.2	122.9	104.4	165.9	152.3
panelstrat	8	2	B	16	8	8	198	0.8838	102	127.6	672	2.444	104	0.05556	150.2	103.6	124.8	0.9291	9	1	0.8003	171.2	126.7	103	165.9	152.3
panelstrat	8	4	A	30.67	8	8	198	0.9278	85	108.9	595	-9.303	77	0.08586	132.1	89.72	100.4	0.9358	9	1	0.8746	138.4	103.1	78.75	134.5	104.7
panelstrat	8	4	B	30.33	8	8	198	0.9262	104	102.7	506	8.965	75	0.09091	131.8	70.2	96.73	0.9519	8	1	0.8746	138.4	101.6	70.17	134.5	104.7
panelstrat	8	8	A	60	8	8	198	0.9517	70	80.44	277	-7.364	55	0.1364	94.22	73.94	71.19	0.9452	8	2	0.9103	110	74.47	61.02	105.8	83.83
panelstrat	8	8	B	59	8	8	198	0.9464	102	96.26	488	12.72	54	0.08586	129.6	57.54	87.7	0.9572	8	0	0.9103	110	93.65	56.69	105.8	83.83
panelstrat	8	16	A	118.7	8	8	198	0.9638	51	71.11	291	-7.626	38	0.2172	87.43	69.22	52.3	0.9509	8	2	0.9214	104.3	63.91	54.08	98.58	70.13
panelstrat	8	16	B	116.3	8	8	198	0.9571	97	95.76	520	13.19	38	0.1414	137	45.33	81.85	0.9659	6	1	0.9214	104.3	90.35	45.16	98.58	70.13
panelstrat	16	2	A	32	16	16	198	0.9398	55	84.69	264	0.399	79	0.04545	98.2	67.69	85.38	0.9632	8	1	0.9042	105.7	81.64	63.38	101.3	95.55
panelstrat	16	2	B	32	16	16	198	0.9413	88	81.65	304	20.04	72	0.04545	86.17	73.79	84.45	0.9425	12	3	0.9042	105.7	78.53	71.24	101.3	95.55
panelstrat	16	4	A	62.67	16	16	198	0.9622	70	69.42	259	0.5101	57	0.08081	89.15	55.75	58.33	0.9679	7	1	0.9487	80.69	66.96	53.47	76.51	68.8
panelstrat	16	4	B	61	16	16	198	0.9673	66	61.91	187	14.39	54	0.06061	66.29	48.47	68.96	0.9729	8	2	0.9487	80.69	59.59	44.94	76.51	68.8
panelstrat	16	8	A	124	16	16	198	0.9745	68	57.8	209	0.7677	41	0.1162	78.31	41.13	46.89	0.9833	5	1	0.9709	60.69	55.41	38.14	56.78	48.5
panelstrat	16	8	B	119	16	16	198	0.9801	39	50.03	184	12.37	38	0.101	52.26	38.75	57.24	0.984	5	3	0.9709	60.69	48.13	36.27	56.78	48.5
panelstrat	16	16	A	246.7	16	16	198	0.9794	67	51.81	197	-1.091	29	0.1818	73.55	31.13	40.91	0.9836	6	1	0.9805	52.22	49.54	25.39	46.93	29.26
panelstrat	16	16	B	235	16	16	198	0.9863	40	40.06	164	11.39	27	0.1263	44.26	28.76	45.03	0.9923	3	2	0.9805	52.22	37.97	22.32	46.93	29.26
panelstrat	32	2	A	64	32	32	198	0.9665	57	58.29	163	6.884	52	0.05051	54.03	55.68	64.61	0.9826	4	2	0.9384	76.27	56.84	55.19	75.51	78.63
panelstrat	32	2	B	64	32	32	198	0.9674	58	53.85	176	7.934	53	0.0404	50.26	54.21	56.87	0.9826	4	2	0.9384	76.27	53.09	53.9	75.51	78.63
panelstrat	32	4	A	122	32	32	198	0.9807	49	44.47	127	5.136	38	0.05556	44.97	42.39	45.98	0.9886	3	2	0.966	58.43	42.71	41.31	57.8	58.11
panelstrat	32	4	B	123.7	32	32	198	0.9794	47	41.17	136	3.293	39	0.0404	41.39	40.88	41.24	0.9906	3	2	0.966	58.43	40.43	39.51	57.8	58.11
panelstrat	32	8	A	238	32	32	198	0.9895	35	32.72	115	1.702	27	0.07071	36.73	31.33	29.7	0.9923	2	1	0.9823	41.24	30.85	28.98	40.5	39.15
panelstrat	32	8	B	243	32	32	198	0.9898	31	30.44	116	1.965	28	0.07071	32.56	30.89	27.67	0.9923	2	3	0.9823	41.24	29.8	30	40.5	39.15
panelstrat	32	16	A	470	32	32	198	0.9925	35	27.2	93	2.763	19	0.1212	32.73	23.32	24.57	0.9957	2	3	0.9892	33.91	25.11	21.16	33.13	30.94
panelstrat	32	16	B	481.7	32	32	198	0.994	20	23.74	97	-0.5354	20	0.06566	26.8	22.68	21.42	0.9913	4	3	0.9892	33.91	23.34	22.14	33.13	30.94
panelstrat	64	2	A	128	64	64	198	0.9853	38	37.36	108	1.096	38	0.0404	38.97	36.91	36.13	0.9923	3	4	0.9672	55.74	36.66	35.82	53.49	57.65
panelstrat	64	2	B	128	64	64	198	0.9743	71	51.02	200	13.56	37	0.09596	55.67	42.51	53.88	0.9709	8	1	0.9672	55.74	48.1	42.46	53.49	57.65
panelstrat	64	4	A	247.3	64	64	198	0.9883	43	31.16	105	-0.9343	28	0.05556	34.59	27.78	30.73	0.9906	4	3	0.9803	46.07	30.66	26.94	44.46	42.8
panelstrat	64	4	B	245	64	64	198	0.9829	62	40.98	156	10.25	27	0.1364	48.7	31.09	41.22	0.9766	6	2	0.9803	46.07	39.16	29.9	44.46	42.8
panelstrat	64	8	A	486	64	64	198	0.9932	26	25.45	82	-3.005	20	0.08081	29.78	22.71	23.26	0.993	4	3	0.985	39.67	24.22	20.36	38.3	31.22
panelstrat	64	8	B	479	64	64	198	0.9862	51	36.34	132	6.934	20	0.1768	45.47	25.44	35.32	0.9806	6	1	0.985	39.67	35.23	24.87	38.3	31.22
panelstrat	64	16	A	963.3	64	64	198	0.9948	25	22.83	71	-4.404	14	0.202	27.3	19.79	20.66	0.9906	5	3	0.9873	35.35	20.95	16.85	33.69	27.04
panelstrat	64	16	B	947	64	64	198	0.9898	42	30.99	133	5.182	14	0.2374	39.92	18.28	30.87	0.9833	5	3	0.9873	35.35	30.24	18.11	33.69	27.04
panelstrat	112	2	A	224	112	112	198	0.9846	51	37.25	121	4.318	28	0.09091	44.99	30.3	34.95	0.9813	6	2	0.9823	38.33	34.97	27.56	37.19	34.6
panelstrat	112	2	B	224	112	112	198	0.9885	46	34.63	102	10.28	28	0.08081	40.7	24.89	36.36	0.991	4	3	0.9823	38.33	32.51	24.73	37.19	34.6
panelstrat	112	4	A	429.7	112	112	198	0.9886	42	32.62	118	1.692	21	0.1414	40.23	26.38	29.64	0.986	5	3	0.9888	32.19	30.85	23.72	30.88	30.89
panelstrat	112	4	B	431.7	112	112	198	0.9929	35	26.18	89	7.192	21	0.1061	32.5	20.6	24	0.994	3	5	0.9888	32.19	24.86	20.07	30.88	30.89
panelstrat	112	8	A	841	112	112	198	0.9919	34	29.15	112	-0.7778	15	0.2374	36.94	23.38	25.27	0.988	4	4	0.9932	26.24	26.58	18.66	23.95	21.03
panelstrat	112	8	B	847	112	112	198	0.9948	30	21.49	73	4.874	15	0.09596	26.57	15.65	20.85	0.9947	3	3	0.9932	26.24	20.27	14.87	23.95	21.03
panelstrat	112	16	A	1664	112	112	198	0.9934	32	27.26	106	-2.101	11	0.3283	34.71	21.86	23.38	0.988	4	3	0.9947	23.93	24.34	15.87	21.58	18.82
panelstrat	112	16	B	1678	112	112	198	0.9969	27	16.81	63	3.162	11	0.1465	22.53	10.42	15.22	0.9963	2	2	0.9947	23.93	15.74	10.16	21.58	18.82
